member_casual,mean_length,median_length,min_length,max_length
casual,89.54639067725445,23.22,0.03,177200.37
member,13.254202248470108,8.47,0.02,101607.13
